<?xml version = "1.0" encoding = "UTF-8"?>

<beans xmlns = "http://www.springframework.org/schema/beans"
   xmlns:xsi = "http://www.w3.org/2001/XMLSchema-instance"
   xsi:schemaLocation = "http://www.springframework.org/schema/beans
   http://www.springframework.org/schema/beans/spring-beans-3.0.xsd">

   <!-- A simple bean definition -->
   <bean id = "Address" class = "com.capg.SpringAssignment.Address.Address">
      <property name="city" value="Rjy"/>
      <property name="country" value="INDIA"/>
      <property name="state" value="AP"/>
      <property name="zip" value="533"/>
      <property name="street" value="Robbi"/>
      
   </bean>
   <!-- setter Injection -->
   <!-- A bean definition with lazy init set on -->
   <!--bean id = "Customer" class = "com.capg.SpringAssignment.Address.Customer">
      <property name="customerAddress" ref="Address"/>
      <property name="customerContact" value="9041127790"/>
      <property name="customerId" value="12"/>
      <property name="customerName" value="Raghu"/>
   </bean-->
   
   <!-- Constructor Injection -->
   <bean id="customer" class="com.capg.SpringAssignment.Address.Customer">
   <constructor-arg value="10" type="int"/>
   <constructor-arg value="Raghu" type="String"></constructor-arg>
   <constructor-arg value="9041127790" type="long"> </constructor-arg>
   <constructor-arg ref="Address"></constructor-arg>
   </bean>

  
   
</beans>
